﻿<?xml version="1.0" encoding="utf-8" ?>
<c2eventsheet>
    <!--All the 'name' attributes are ignored by Construct 2 - they are there for readability only.-->
    <name>AMS_Talk1Sheet</name>
    <events>
        <variable constant="0" name="backAMS" sid="910185622805416" static="0" type="number">0</variable>
        <variable constant="0" name="talkOneStatus" sid="953997883662798" static="0" type="number">0</variable>
        <variable constant="0" name="dialogueStart" sid="666420671722617" static="0" type="number">0</variable>
        <variable constant="0" name="event1start" sid="363142871885247" static="0" type="number">0</variable>
        <variable constant="0" name="event1status" sid="752724457196468" static="0" type="number">1</variable>
        <variable constant="0" name="event2status" sid="725422722171800" static="0" type="number">1</variable>
        <variable constant="0" name="event3status" sid="150101380833886" static="0" type="number">1</variable>
        <event-block sid="757919641201404">
            <conditions>
                <condition id="-2" name="On start of layout" sid="179063246762570" type="System" />
            </conditions>
            <actions>
                <action id="-15" name="Set visible" sid="683696799375154" type="GOV_govman">
                    <param id="0" name="Visibility">1</param>
                </action>
                <action id="-16" name="Wait" sid="499102190434143" type="System">
                    <param id="0" name="Seconds">1.0</param>
                </action>
                <action id="-15" name="Set visible" sid="298366751478174" type="GEN_TextBox">
                    <param id="0" name="Visibility">1</param>
                </action>
                <action id="-15" name="Set visible" sid="769517281412909" type="GEN_Texts">
                    <param id="0" name="Visibility">1</param>
                </action>
                <action id="0" name="Set text" sid="222203188035198" type="GEN_Texts">
                    <param id="0" name="Text">&quot;Welcome, please take a seat.&quot;</param>
                </action>
                <action id="-9" name="Set value" sid="553002405027684" type="System">
                    <param id="0" name="Variable">talkOneStatus</param>
                    <param id="1" name="Value">1</param>
                </action>
            </actions>
        </event-block>
        <event-block sid="628269627541724">
            <conditions>
                <condition id="0" name="On click" sid="901197057333517" type="Mouse">
                    <param id="0" name="Mouse button">0</param>
                    <param id="1" name="Click type">0</param>
                </condition>
                <condition id="-14" name="Compare variable" sid="481103611015368" type="System">
                    <param id="0" name="Variable">talkOneStatus</param>
                    <param id="1" name="Comparison">0</param>
                    <param id="2" name="Value">1</param>
                </condition>
            </conditions>
            <actions>
                <action id="-15" name="Set visible" sid="436931469858950" type="GEN_Texts">
                    <param id="0" name="Visibility">0</param>
                </action>
                <action id="-15" name="Set visible" sid="631875180434841" type="GEN_Questions">
                    <param id="0" name="Visibility">1</param>
                </action>
                <action id="-15" name="Set visible" sid="578745249845538" type="GEN_Choice1">
                    <param id="0" name="Visibility">1</param>
                </action>
                <action id="-15" name="Set visible" sid="964716678774409" type="GEN_Choice2">
                    <param id="0" name="Visibility">1</param>
                </action>
                <action id="-15" name="Set visible" sid="347645953183525" type="GEN_Choice3">
                    <param id="0" name="Visibility">1</param>
                </action>
                <action id="-15" name="Set visible" sid="938263399218658" type="GEN_Choice4">
                    <param id="0" name="Visibility">1</param>
                </action>
                <action id="0" name="Set text" sid="829950162849127" type="GEN_Questions">
                    <param id="0" name="Text">&quot;Hello Sir, I don&apos;t want to take much of your time so I&apos;ll cut to the chase:&quot;</param>
                </action>
                <action id="0" name="Set text" sid="695934938858317" type="GEN_Choice1">
                    <param id="0" name="Text">&quot;The flood control system is in danger.&quot;</param>
                </action>
                <action id="0" name="Set text" sid="520825033710861" type="GEN_Choice2">
                    <param id="0" name="Text">&quot;We need extra funding!&quot;</param>
                </action>
                <action id="0" name="Set text" sid="214781570744463" type="GEN_Choice3">
                    <param id="0" name="Text">&quot;We must prepare for the worst.&quot;</param>
                </action>
                <action id="0" name="Set text" sid="347820348440021" type="GEN_Choice4">
                    <param id="0" name="Text">&quot;Please take a look at these documents.&quot;</param>
                </action>
                <action id="-16" name="Wait" sid="615839182763684" type="System">
                    <param id="0" name="Seconds">2.0</param>
                </action>
                <action id="-9" name="Set value" sid="811075912763405" type="System">
                    <param id="0" name="Variable">talkOneStatus</param>
                    <param id="1" name="Value">2</param>
                </action>
            </actions>
        </event-block>
        <event-block sid="110071074906753">
            <conditions>
                <condition id="6" name="On object clicked" sid="416644372411198" type="Mouse">
                    <param id="0" name="Mouse button">0</param>
                    <param id="1" name="Click type">0</param>
                    <param id="2" name="Object clicked">GEN_Choice1</param>
                </condition>
                <condition id="-14" name="Compare variable" sid="290898144987045" type="System">
                    <param id="0" name="Variable">talkOneStatus</param>
                    <param id="1" name="Comparison">0</param>
                    <param id="2" name="Value">2</param>
                </condition>
            </conditions>
            <actions>
                <action id="-15" name="Set visible" sid="181756905948539" type="GEN_Questions">
                    <param id="0" name="Visibility">0</param>
                </action>
                <action id="-15" name="Set visible" sid="329334354540889" type="GEN_Choice1">
                    <param id="0" name="Visibility">0</param>
                </action>
                <action id="-15" name="Set visible" sid="593669278986302" type="GEN_Choice2">
                    <param id="0" name="Visibility">0</param>
                </action>
                <action id="-15" name="Set visible" sid="185787039718598" type="GEN_Choice3">
                    <param id="0" name="Visibility">0</param>
                </action>
                <action id="-15" name="Set visible" sid="483237759923849" type="GEN_Choice4">
                    <param id="0" name="Visibility">0</param>
                </action>
                <action id="0" name="Set text" sid="290185495490970" type="GEN_Texts">
                    <param id="0" name="Text">&quot;Hmm...I see, we must truly do something!&quot;</param>
                </action>
                <action id="-15" name="Set visible" sid="564911619199550" type="GEN_Texts">
                    <param id="0" name="Visibility">1</param>
                </action>
                <action id="-16" name="Wait" sid="172351332318540" type="System">
                    <param id="0" name="Seconds">2.0</param>
                </action>
                <action id="-9" name="Set value" sid="742710961947580" type="System">
                    <param id="0" name="Variable">talkOneStatus</param>
                    <param id="1" name="Value">3</param>
                </action>
            </actions>
        </event-block>
        <event-block sid="618392613487278">
            <conditions>
                <condition id="6" name="On object clicked" sid="490456566577428" type="Mouse">
                    <param id="0" name="Mouse button">0</param>
                    <param id="1" name="Click type">0</param>
                    <param id="2" name="Object clicked">GEN_Choice2</param>
                </condition>
                <condition id="-14" name="Compare variable" sid="271335374211360" type="System">
                    <param id="0" name="Variable">talkOneStatus</param>
                    <param id="1" name="Comparison">0</param>
                    <param id="2" name="Value">2</param>
                </condition>
            </conditions>
            <actions>
                <action id="-15" name="Set visible" sid="282660747776758" type="GEN_Questions">
                    <param id="0" name="Visibility">0</param>
                </action>
                <action id="-15" name="Set visible" sid="547090435154666" type="GEN_Choice1">
                    <param id="0" name="Visibility">0</param>
                </action>
                <action id="-15" name="Set visible" sid="317733994588362" type="GEN_Choice2">
                    <param id="0" name="Visibility">0</param>
                </action>
                <action id="-15" name="Set visible" sid="217003442812806" type="GEN_Choice3">
                    <param id="0" name="Visibility">0</param>
                </action>
                <action id="-15" name="Set visible" sid="754399772864119" type="GEN_Choice4">
                    <param id="0" name="Visibility">0</param>
                </action>
                <action id="0" name="Set text" sid="800227559922502" type="GEN_Texts">
                    <param id="0" name="Text">&quot;Sir, I understand the situation but it is not that easy&quot;</param>
                </action>
                <action id="-16" name="Wait" sid="317431250111303" type="System">
                    <param id="0" name="Seconds">3</param>
                </action>
                <action id="0" name="Set text" sid="619335535623708" type="GEN_Texts">
                    <param id="0" name="Text">&quot;Our budget is limited. The tax money is meant for these situations&quot;</param>
                </action>
                <action id="-16" name="Wait" sid="783974556192934" type="System">
                    <param id="0" name="Seconds">2.0</param>
                </action>
                <action id="-9" name="Set value" sid="676872723639767" type="System">
                    <param id="0" name="Variable">talkOneStatus</param>
                    <param id="1" name="Value">3</param>
                </action>
            </actions>
        </event-block>
        <event-block sid="517382457013993">
            <conditions>
                <condition id="6" name="On object clicked" sid="468078345023383" type="Mouse">
                    <param id="0" name="Mouse button">0</param>
                    <param id="1" name="Click type">0</param>
                    <param id="2" name="Object clicked">GEN_Choice3</param>
                </condition>
                <condition id="-14" name="Compare variable" sid="485805288891393" type="System">
                    <param id="0" name="Variable">talkOneStatus</param>
                    <param id="1" name="Comparison">0</param>
                    <param id="2" name="Value">2</param>
                </condition>
            </conditions>
            <actions>
                <action id="-15" name="Set visible" sid="873595874374355" type="GEN_Questions">
                    <param id="0" name="Visibility">0</param>
                </action>
                <action id="-15" name="Set visible" sid="917896503914069" type="GEN_Choice1">
                    <param id="0" name="Visibility">0</param>
                </action>
                <action id="-15" name="Set visible" sid="726522938589061" type="GEN_Choice2">
                    <param id="0" name="Visibility">0</param>
                </action>
                <action id="-15" name="Set visible" sid="103377459608309" type="GEN_Choice3">
                    <param id="0" name="Visibility">0</param>
                </action>
                <action id="-15" name="Set visible" sid="438724188785632" type="GEN_Choice4">
                    <param id="0" name="Visibility">0</param>
                </action>
                <action id="0" name="Set text" sid="355499164861665" type="GEN_Texts">
                    <param id="0" name="Text">&quot;Calm down, Sir! I am sure there is something we can do.&quot;</param>
                </action>
                <action id="-16" name="Wait" sid="523561962927750" type="System">
                    <param id="0" name="Seconds">2.0</param>
                </action>
                <action id="-9" name="Set value" sid="318467393129530" type="System">
                    <param id="0" name="Variable">talkOneStatus</param>
                    <param id="1" name="Value">3</param>
                </action>
            </actions>
        </event-block>
        <event-block sid="399725176017188">
            <conditions>
                <condition id="6" name="On object clicked" sid="486334312405005" type="Mouse">
                    <param id="0" name="Mouse button">0</param>
                    <param id="1" name="Click type">0</param>
                    <param id="2" name="Object clicked">GEN_Choice4</param>
                </condition>
                <condition id="-14" name="Compare variable" sid="431889868852151" type="System">
                    <param id="0" name="Variable">talkOneStatus</param>
                    <param id="1" name="Comparison">0</param>
                    <param id="2" name="Value">2</param>
                </condition>
            </conditions>
            <actions>
                <action id="-15" name="Set visible" sid="701490399034276" type="GEN_Questions">
                    <param id="0" name="Visibility">0</param>
                </action>
                <action id="-15" name="Set visible" sid="714689697750815" type="GEN_Choice1">
                    <param id="0" name="Visibility">0</param>
                </action>
                <action id="-15" name="Set visible" sid="762092138345746" type="GEN_Choice2">
                    <param id="0" name="Visibility">0</param>
                </action>
                <action id="-15" name="Set visible" sid="432721405010971" type="GEN_Choice3">
                    <param id="0" name="Visibility">0</param>
                </action>
                <action id="-15" name="Set visible" sid="979497558773874" type="GEN_Choice4">
                    <param id="0" name="Visibility">0</param>
                </action>
                <action id="0" name="Set text" sid="135331731166666" type="GEN_Texts">
                    <param id="0" name="Text">&quot;Hmm... that sure looks alarming. How do you plan to solve the problem?&quot;</param>
                </action>
                <action id="-9" name="Set value" sid="686393086599399" type="System">
                    <param id="0" name="Variable">talkOneStatus</param>
                    <param id="1" name="Value">3</param>
                </action>
            </actions>
        </event-block>
        <event-block sid="442765272614158">
            <conditions>
                <condition id="-14" name="Compare variable" sid="802313586405724" type="System">
                    <param id="0" name="Variable">talkOneStatus</param>
                    <param id="1" name="Comparison">0</param>
                    <param id="2" name="Value">3</param>
                </condition>
            </conditions>
            <actions>
                <action id="-15" name="Set visible" sid="278140654293288" type="GEN_Texts">
                    <param id="0" name="Visibility">0</param>
                </action>
                <action id="-15" name="Set visible" sid="804799553568439" type="GEN_Questions">
                    <param id="0" name="Visibility">1</param>
                </action>
                <action id="-15" name="Set visible" sid="172715327302368" type="GEN_Choice1">
                    <param id="0" name="Visibility">1</param>
                </action>
                <action id="-15" name="Set visible" sid="915869208360278" type="GEN_Choice2">
                    <param id="0" name="Visibility">1</param>
                </action>
                <action id="-15" name="Set visible" sid="447857210459811" type="GEN_Choice3">
                    <param id="0" name="Visibility">1</param>
                </action>
                <action id="-15" name="Set visible" sid="167840806931331" type="GEN_Choice4">
                    <param id="0" name="Visibility">1</param>
                </action>
                <action id="0" name="Set text" sid="127846151761568" type="GEN_Questions">
                    <param id="0" name="Text">&quot;After looking at the safety protocols and the research I suggest we:&quot;</param>
                </action>
                <action id="0" name="Set text" sid="363762654370297" type="GEN_Choice1">
                    <param id="0" name="Text">&quot;We need to evacuate the danger zones!&quot;</param>
                </action>
                <action id="0" name="Set text" sid="181481068874710" type="GEN_Choice2">
                    <param id="0" name="Text">&quot;We must raise the taxes!&quot;</param>
                </action>
                <action id="0" name="Set text" sid="956415697619051" type="GEN_Choice3">
                    <param id="0" name="Text">&quot;I insist, we need more government funding!&quot;</param>
                </action>
                <action id="0" name="Set text" sid="926078542075245" type="GEN_Choice4">
                    <param id="0" name="Text">&quot;We all need to run for our lives!&quot;</param>
                </action>
                <action id="-16" name="Wait" sid="389422309560850" type="System">
                    <param id="0" name="Seconds">2.0</param>
                </action>
                <action id="-9" name="Set value" sid="146647209675034" type="System">
                    <param id="0" name="Variable">talkOneStatus</param>
                    <param id="1" name="Value">3</param>
                </action>
            </actions>
        </event-block>
        <event-block sid="500706061859734">
            <conditions>
                <condition id="6" name="On object clicked" sid="525844668425851" type="Mouse">
                    <param id="0" name="Mouse button">0</param>
                    <param id="1" name="Click type">0</param>
                    <param id="2" name="Object clicked">GEN_Choice1</param>
                </condition>
                <condition id="-14" name="Compare variable" sid="337857820191062" type="System">
                    <param id="0" name="Variable">talkOneStatus</param>
                    <param id="1" name="Comparison">0</param>
                    <param id="2" name="Value">3</param>
                </condition>
            </conditions>
            <actions>
                <action id="-15" name="Set visible" sid="806088017416261" type="R21">
                    <param id="0" name="Visibility">1</param>
                </action>
                <action id="-16" name="Wait" sid="498464550848359" type="System">
                    <param id="0" name="Seconds">3</param>
                </action>
                <action id="-9" name="Set value" sid="270835875851364" type="System">
                    <param id="0" name="Variable">event1start</param>
                    <param id="1" name="Value">0</param>
                </action>
                <action id="-15" name="Set visible" sid="479603008671095" type="GEN_MapIcon">
                    <param id="0" name="Visibility">1</param>
                </action>
                <action id="-9" name="Set value" sid="387576951675958" type="System">
                    <param id="0" name="Variable">backAMS</param>
                    <param id="1" name="Value">1</param>
                </action>
            </actions>
        </event-block>
        <event-block sid="181730356421742">
            <conditions>
                <condition id="6" name="On object clicked" sid="856726695201685" type="Mouse">
                    <param id="0" name="Mouse button">0</param>
                    <param id="1" name="Click type">0</param>
                    <param id="2" name="Object clicked">GEN_Choice2</param>
                </condition>
                <condition id="-14" name="Compare variable" sid="256313785486580" type="System">
                    <param id="0" name="Variable">talkOneStatus</param>
                    <param id="1" name="Comparison">0</param>
                    <param id="2" name="Value">3</param>
                </condition>
            </conditions>
            <actions>
                <action id="-15" name="Set visible" sid="212281615169926" type="R22">
                    <param id="0" name="Visibility">1</param>
                </action>
                <action id="-16" name="Wait" sid="707042537051965" type="System">
                    <param id="0" name="Seconds">3</param>
                </action>
                <action id="-9" name="Set value" sid="650818170005049" type="System">
                    <param id="0" name="Variable">event1start</param>
                    <param id="1" name="Value">0</param>
                </action>
                <action id="-15" name="Set visible" sid="340369986856843" type="GEN_MapIcon">
                    <param id="0" name="Visibility">1</param>
                </action>
                <action id="-9" name="Set value" sid="995883106503115" type="System">
                    <param id="0" name="Variable">backAMS</param>
                    <param id="1" name="Value">1</param>
                </action>
            </actions>
        </event-block>
        <event-block sid="743398327592163">
            <conditions>
                <condition id="6" name="On object clicked" sid="691427187735553" type="Mouse">
                    <param id="0" name="Mouse button">0</param>
                    <param id="1" name="Click type">0</param>
                    <param id="2" name="Object clicked">GEN_Choice3</param>
                </condition>
                <condition id="-14" name="Compare variable" sid="589029281713249" type="System">
                    <param id="0" name="Variable">talkOneStatus</param>
                    <param id="1" name="Comparison">0</param>
                    <param id="2" name="Value">3</param>
                </condition>
            </conditions>
            <actions>
                <action id="-15" name="Set visible" sid="501162725039144" type="R23">
                    <param id="0" name="Visibility">1</param>
                </action>
                <action id="-16" name="Wait" sid="754209948928999" type="System">
                    <param id="0" name="Seconds">3</param>
                </action>
                <action id="-9" name="Set value" sid="503897906331074" type="System">
                    <param id="0" name="Variable">event1start</param>
                    <param id="1" name="Value">0</param>
                </action>
                <action id="-15" name="Set visible" sid="951702145132035" type="GEN_MapIcon">
                    <param id="0" name="Visibility">1</param>
                </action>
                <action id="-9" name="Set value" sid="782755994886200" type="System">
                    <param id="0" name="Variable">backAMS</param>
                    <param id="1" name="Value">1</param>
                </action>
            </actions>
        </event-block>
        <event-block sid="829124181890584">
            <conditions>
                <condition id="6" name="On object clicked" sid="615549330489553" type="Mouse">
                    <param id="0" name="Mouse button">0</param>
                    <param id="1" name="Click type">0</param>
                    <param id="2" name="Object clicked">GEN_Choice4</param>
                </condition>
                <condition id="-14" name="Compare variable" sid="332587759075165" type="System">
                    <param id="0" name="Variable">talkOneStatus</param>
                    <param id="1" name="Comparison">0</param>
                    <param id="2" name="Value">3</param>
                </condition>
            </conditions>
            <actions>
                <action id="-15" name="Set visible" sid="285151156674277" type="R24">
                    <param id="0" name="Visibility">1</param>
                </action>
                <action id="-16" name="Wait" sid="106644915587245" type="System">
                    <param id="0" name="Seconds">3</param>
                </action>
                <action id="-9" name="Set value" sid="966683680832241" type="System">
                    <param id="0" name="Variable">event1start</param>
                    <param id="1" name="Value">0</param>
                </action>
                <action id="-15" name="Set visible" sid="708935343099384" type="GEN_MapIcon">
                    <param id="0" name="Visibility">1</param>
                </action>
                <action id="-9" name="Set value" sid="638768596145898" type="System">
                    <param id="0" name="Variable">backAMS</param>
                    <param id="1" name="Value">1</param>
                </action>
            </actions>
        </event-block>
        <event-block sid="234970193004507">
            <conditions>
                <condition id="6" name="On object clicked" sid="264848944211862" type="Mouse">
                    <param id="0" name="Mouse button">0</param>
                    <param id="1" name="Click type">0</param>
                    <param id="2" name="Object clicked">GEN_MapIcon</param>
                </condition>
                <condition id="-14" name="Compare variable" sid="990032300983963" type="System">
                    <param id="0" name="Variable">backAMS</param>
                    <param id="1" name="Comparison">0</param>
                    <param id="2" name="Value">1</param>
                </condition>
            </conditions>
            <actions>
                <action id="-2" name="Go to layout" sid="327227594484066" type="System">
                    <param id="0" name="Layout">AMS_Map</param>
                </action>
            </actions>
        </event-block>
        <event-block sid="218244848356966">
            <conditions>
                <condition id="6" name="On object clicked" sid="914115941407335" type="Mouse">
                    <param id="0" name="Mouse button">0</param>
                    <param id="1" name="Click type">0</param>
                    <param id="2" name="Object clicked">AMS_Event2</param>
                </condition>
                <condition id="-14" name="Compare variable" sid="777472200775856" type="System">
                    <param id="0" name="Variable">event2status</param>
                    <param id="1" name="Comparison">0</param>
                    <param id="2" name="Value">1</param>
                </condition>
            </conditions>
            <actions>
                <action id="-15" name="Set visible" sid="643522660386220" type="AMS_Event1">
                    <param id="0" name="Visibility">0</param>
                </action>
                <action id="-15" name="Set visible" sid="258009335214190" type="AMS_Event2">
                    <param id="0" name="Visibility">0</param>
                </action>
                <action id="-15" name="Set visible" sid="240141690822443" type="AMS_Event3">
                    <param id="0" name="Visibility">0</param>
                </action>
                <action id="-2" name="Go to layout" sid="294179830696923" type="System">
                    <param id="0" name="Layout">AMS_Rally</param>
                </action>
            </actions>
        </event-block>
        <event-block sid="988326220086985">
            <conditions>
                <condition id="-2" name="On start of layout" sid="900788230233345" type="System" />
            </conditions>
            <actions>
                <action id="-9" name="Set value" sid="696957843095115" type="System">
                    <param id="0" name="Variable">event2status</param>
                    <param id="1" name="Value">1</param>
                </action>
            </actions>
        </event-block>
        <event-block sid="298538871897321">
            <conditions>
                <condition id="6" name="On object clicked" sid="753556257127282" type="Mouse">
                    <param id="0" name="Mouse button">0</param>
                    <param id="1" name="Click type">0</param>
                    <param id="2" name="Object clicked">AMS_Event3</param>
                </condition>
            </conditions>
            <actions>
                <action id="-15" name="Set visible" sid="236267905216171" type="AMS_Event1">
                    <param id="0" name="Visibility">0</param>
                </action>
                <action id="-15" name="Set visible" sid="468708496666755" type="AMS_Event2">
                    <param id="0" name="Visibility">0</param>
                </action>
                <action id="-15" name="Set visible" sid="558925936240073" type="AMS_Event3">
                    <param id="0" name="Visibility">0</param>
                </action>
                <action id="-2" name="Go to layout" sid="817360255902109" type="System">
                    <param id="0" name="Layout">AMS_Talk2</param>
                </action>
            </actions>
        </event-block>
        <event-block sid="446901273266254">
            <conditions>
                <condition id="-9" name="Is visible" sid="365134912627964" type="GEN_Choice1" />
            </conditions>
            <actions>
                <action id="-15" name="Set visible" sid="836353944389927" type="GEN_OptionBar">
                    <param id="0" name="Visibility">1</param>
                </action>
            </actions>
        </event-block>
        <event-block sid="228718088297862">
            <conditions>
                <condition id="-22" name="Else" sid="227821161970718" type="System" />
            </conditions>
            <actions>
                <action id="-15" name="Set visible" sid="808691323226530" type="GEN_OptionBar">
                    <param id="0" name="Visibility">0</param>
                </action>
            </actions>
        </event-block>
    </events>
</c2eventsheet>
